,City,Cloudiness,Country,Date,Humidity,Latitude,Longitude,Max Temperature,Wind Speed
0,Ilulissat,23,GL,1578456824,53,69.22,-51.1,-2.2,12.75
1,Yerbogachen,99,RU,1578456824,94,61.28,108.01,7.54,8.57
2,Albany,90,US,1578456824,84,42.65,-73.75,33.01,2.71
3,Kaitangata,100,NZ,1578456824,71,-46.28,169.85,59.0,5.99
4,Petropavlovsk-Kamchatskiy,100,RU,1578456824,49,53.05,158.65,23.0,2.24
5,Punta Arenas,100,CL,1578456787,76,-53.16,-70.91,48.2,16.11
6,Mataura,97,NZ,1578456824,70,-46.19,168.86,59.0,10.0
7,Marsa Matruh,18,EG,1578456824,68,31.35,27.25,58.01,30.09
8,Ushuaia,90,AR,1578456824,93,-54.81,-68.31,46.4,8.05
9,Tautira,40,PF,1578456824,74,-17.73,-149.15,84.2,5.82
10,Pisco,75,PE,1578456824,88,-13.71,-76.2,71.6,11.41
11,Pevek,0,RU,1578456824,81,69.7,170.27,-11.81,13.78
12,Esperance,0,AU,1578456824,54,-33.86,121.89,78.8,12.75
13,Bambous Virieux,40,MU,1578456621,94,-20.34,57.76,78.8,4.74
14,Busselton,0,AU,1578456826,39,-33.64,115.35,82.99,4.0
15,Castro,40,CL,1578456826,76,-42.48,-73.76,51.8,10.29
16,Faanui,4,PF,1578456826,78,-16.48,-151.75,81.77,18.43
17,Ponta do Sol,100,BR,1578456826,93,-20.63,-46.0,70.05,2.19
18,Berlevag,100,NO,1578456827,74,70.86,29.09,35.6,26.4
19,Yellowknife,5,CA,1578456751,73,62.45,-114.38,-32.01,4.7
20,Cape Town,75,ZA,1578456827,100,-33.93,18.42,66.2,2.24
21,Castlemaine,79,AU,1578456827,61,-37.07,144.22,91.99,7.0
22,Rikitea,0,PF,1578456827,80,-23.12,-134.97,77.13,17.67
23,Ternate,40,PH,1578456584,74,14.29,120.72,84.99,8.05
24,New Norfolk,20,AU,1578456827,49,-42.78,147.06,78.01,19.46
25,Saint George,20,GR,1578456827,85,39.45,22.34,34.0,2.46
26,Hermanus,0,ZA,1578456827,95,-34.42,19.24,66.0,3.38
27,Sao Filipe,100,CV,1578456827,72,14.9,-24.5,68.05,19.66
28,Upernavik,99,GL,1578456827,71,72.79,-56.15,-16.37,6.71
29,Jertih,40,MY,1578456827,74,5.74,102.5,86.0,11.41
30,Vestmanna,100,FO,1578456827,80,62.16,-7.17,33.8,38.03
31,Athabasca,100,CA,1578456827,96,54.72,-113.29,1.94,8.66
32,Vaini,40,IN,1578456828,94,15.34,74.49,69.8,2.95
33,Anakapalle,20,IN,1578456828,69,17.69,83.0,75.2,2.24
34,Colares,0,PT,1578456828,100,38.8,-9.45,48.2,2.24
35,Nikolskoye,90,RU,1578456828,86,59.7,30.79,37.4,6.71
36,Broome,100,GB,1578456828,87,52.47,1.45,55.4,14.99
37,Lompoc,1,US,1578456828,81,34.64,-120.46,53.01,5.82
38,Norman Wells,5,CA,1578456828,64,65.28,-126.83,-45.4,3.36
39,Husavik,24,CA,1578456828,82,50.56,-96.99,-6.0,5.01
40,Kavaratti,40,IN,1578456828,74,10.57,72.64,84.2,6.93
41,Port Lincoln,0,AU,1578456828,39,-34.72,135.86,79.63,9.66
42,Puerto Ayora,32,EC,1578456607,80,-0.74,-90.35,75.99,3.0
43,Barrow,0,AR,1578456828,37,-38.31,-60.23,67.41,8.34
44,Antalaha,10,MG,1578456828,80,-14.9,50.28,79.86,10.63
45,Saint-Augustin,90,CA,1578456828,73,45.63,-73.98,28.0,4.7
46,Hobart,20,AU,1578456603,49,-42.88,147.33,77.0,19.46
47,Keti Bandar,0,PK,1578456829,74,24.14,67.45,58.35,7.23
48,Pingliang,78,CN,1578456829,63,35.54,106.68,25.2,4.9
49,Khatanga,100,RU,1578456829,95,71.98,102.47,4.35,10.02
50,Skjervoy,100,NO,1578456829,70,70.03,20.97,38.75,20.15
51,Kaeo,70,NZ,1578456829,60,-35.1,173.78,73.99,1.01
52,Arraial do Cabo,40,BR,1578456829,94,-22.97,-42.02,77.0,3.36
53,Sitka,0,US,1578456829,50,37.17,-99.65,36.0,1.01
54,Butaritari,100,KI,1578456830,80,3.07,172.79,83.97,17.85
55,Mayumba,100,GA,1578456830,79,-3.44,10.65,81.01,7.02
56,Kapaa,75,US,1578456818,64,22.08,-159.32,78.8,20.8
57,Terrace,75,CA,1578456830,79,54.52,-128.61,23.0,19.46
58,Georgetown,40,GY,1578456831,94,6.8,-58.16,75.2,4.7
59,Mar del Plata,0,AR,1578456831,35,-46.43,-67.52,57.43,34.99
60,Hilo,75,US,1578456831,69,19.71,-155.08,75.99,9.17
61,Paamiut,100,GL,1578456831,61,61.99,-49.67,16.77,14.16
62,Margate,20,AU,1578456831,49,-43.03,147.26,78.01,19.46
63,Rundu,95,NA,1578456831,100,-17.91,19.77,69.8,5.82
64,Bathsheba,75,BB,1578456831,74,13.22,-59.52,78.8,17.22
65,Dikson,95,RU,1578456831,97,73.51,80.55,-2.49,8.48
66,Drayton Valley,100,CA,1578456831,92,53.22,-114.98,17.87,10.96
67,Luderitz,100,NA,1578456831,100,-26.65,15.16,60.8,8.05
68,Airai,67,TL,1578456831,49,-8.93,125.41,83.8,4.14
69,Bluff,2,AU,1578456832,25,-23.58,149.07,91.89,12.68
70,Komsomolskiy,98,RU,1578456832,97,67.55,63.78,1.18,7.29
71,Riberalta,100,BO,1578456832,80,-11.0,-66.08,78.91,3.24
72,Miraflores,40,PE,1578456832,87,-16.39,-71.52,51.8,3.36
73,Saint Anthony,1,US,1578456832,92,43.97,-111.68,26.6,3.36
74,Saint-Louis,73,SN,1578456832,31,16.03,-16.5,60.8,6.93
75,Fortuna,90,US,1578456605,93,40.6,-124.16,48.2,5.82
76,Soure,1,PT,1578456832,100,40.06,-8.63,37.0,3.36
77,Khandyga,98,RU,1578456832,98,62.65,135.58,-3.73,1.74
78,Maku,100,IR,1578456832,63,39.29,44.45,21.79,2.55
79,Bethel,20,US,1578456661,75,60.79,-161.76,-18.4,13.87
80,Ailigandi,11,PA,1578456832,92,9.23,-78.02,74.26,7.02
81,Kirakira,100,SB,1578456832,71,-10.46,161.92,84.78,8.72
82,Alice Springs,77,AU,1578456832,17,-23.7,133.88,100.4,10.29
83,Taunggyi,0,MM,1578456833,49,20.78,97.03,68.02,2.26
84,Qaanaaq,0,GL,1578456833,82,77.48,-69.36,-24.32,2.08
85,Jijiga,54,ET,1578456833,66,9.35,42.8,56.08,7.25
86,Estelle,3,FR,1578456833,93,43.97,3.47,42.8,6.93
87,Oban,33,GB,1578456833,86,56.42,-5.47,42.01,4.0
88,Hithadhoo,94,MV,1578456833,76,-0.6,73.08,82.78,12.41
89,Naze,100,NG,1578456833,94,5.43,7.07,71.6,1.83
90,Rome,98,IT,1578456807,67,41.89,12.48,44.01,4.7
91,Hot Springs,1,US,1578456742,69,34.5,-93.06,45.0,3.67
92,Bonthe,0,SL,1578456833,79,7.53,-12.5,76.62,6.33
93,San Juan,0,AR,1578456834,32,-31.54,-68.53,83.14,19.95
94,Lavrentiya,0,RU,1578456574,95,65.58,-170.99,-12.17,3.58
95,Maputo,75,MZ,1578456834,88,-25.97,32.57,78.01,4.7
96,Planeta Rica,0,CO,1578456834,88,8.41,-75.58,78.8,7.14
97,Atuona,21,PF,1578456834,73,-9.8,-139.03,81.46,15.1
98,Fort Nelson,90,CA,1578456834,68,58.81,-122.69,-20.2,3.36
99,Belaya Kholunitsa,78,RU,1578456834,97,58.84,50.85,6.6,5.53
100,Torbay,75,CA,1578456569,73,47.66,-52.73,23.0,9.17
101,Cidreira,0,BR,1578456834,71,-30.17,-50.22,74.43,8.55
102,Avarua,100,CK,1578456595,78,-21.21,-159.78,82.4,9.17
103,Kokorevka,75,RU,1578456834,86,52.59,34.27,30.2,6.71
104,Beyneu,100,KZ,1578456834,73,45.32,55.19,28.33,10.8
105,Tura,0,RU,1578456835,93,64.27,100.22,-4.52,4.88
106,Altus,1,US,1578456668,41,34.64,-99.33,46.4,6.93
107,Noumea,20,NC,1578456706,48,-22.28,166.46,87.8,16.11
108,Mayo,90,CA,1578456835,63,63.59,-135.9,-11.2,8.05
109,Beringovskiy,100,RU,1578456726,98,63.05,179.32,-1.82,7.61
110,Oranjemund,96,ZA,1578456835,74,-28.55,16.43,65.1,3.65
111,Sotik,67,KE,1578456835,88,-0.69,35.11,55.49,4.38
112,Simao,2,CN,1578456835,82,22.76,100.79,62.73,3.51
113,Nata,98,BW,1578456835,79,-20.21,26.19,71.2,7.34
114,Yulara,99,AU,1578456835,18,-25.24,130.99,98.6,17.22
115,Cartagena,0,ES,1578456836,100,37.63,-1.0,43.0,4.7
116,Mahebourg,75,MU,1578456836,88,-20.41,57.7,80.6,3.8
117,Songjianghe,100,CN,1578456836,86,42.18,127.48,18.5,3.38
118,Soyo,99,AO,1578456836,83,-6.13,12.37,78.91,0.04
119,Port Elizabeth,75,US,1578456836,86,39.31,-74.98,36.0,8.05
120,Thompson,20,CA,1578456809,75,55.74,-97.86,-14.8,5.82
121,Miri,100,NG,1578456836,28,10.31,9.75,63.03,4.47
122,Guerrero Negro,100,MX,1578456836,37,27.97,-114.04,63.81,7.23
123,Ponta Delgada,20,PT,1578456836,93,37.73,-25.67,64.4,10.29
124,Port Alfred,100,ZA,1578456836,98,-33.59,26.89,70.0,9.78
125,Luena,100,AO,1578456836,96,-11.78,19.91,62.22,5.46
126,Bogande,67,BF,1578456836,21,12.97,-0.14,69.91,7.34
127,Malanville,32,NE,1578456837,21,11.86,3.39,69.58,8.99
128,Hualmay,25,PE,1578456837,88,-11.1,-77.61,66.63,2.84
129,Kimbe,49,PG,1578456837,70,-5.56,150.15,86.9,4.07
130,Cherskiy,31,RU,1578456837,72,68.75,161.3,-19.5,8.81
131,Pagudpud,75,PH,1578456837,65,18.56,120.79,82.4,5.82
132,Amapa,75,HN,1578456837,94,15.09,-87.97,71.6,4.7
133,Bandipur,36,IN,1578456837,71,11.67,76.63,67.48,1.05
134,Port Blair,63,IN,1578456837,77,11.67,92.75,80.2,14.25
135,Lazaro Cardenas,5,MX,1578456837,36,28.39,-105.62,44.6,9.17
136,Vanimo,100,PG,1578456837,84,-2.67,141.3,80.91,22.17
137,Angoche,100,MZ,1578456837,95,-16.23,39.91,74.16,3.74
138,Jamestown,0,AU,1578456837,20,-33.21,138.6,88.11,6.53
139,Male,0,UA,1578456838,86,50.74,33.7,22.87,2.21
140,Ostrov,100,RU,1578456838,93,57.34,28.36,35.6,11.18
141,Kosh-Agach,0,RU,1578456838,72,49.99,88.66,-12.66,2.06
142,Shahr-e Kord,0,IR,1578456548,85,32.33,50.85,12.2,2.24
143,Tongren,100,CN,1578456838,93,27.72,109.18,41.25,5.93
144,Diego de Almagro,0,CL,1578456838,55,-26.39,-70.05,59.36,2.01
145,Nioki,100,CD,1578456838,94,-2.72,17.69,73.53,3.4
146,Ribeira Grande,60,PT,1578456591,92,38.52,-28.7,61.21,17.43
147,Sola,64,TZ,1578456635,86,-3.17,33.8,64.29,2.68
148,Bowen,7,AU,1578456839,58,-20.01,148.25,89.01,16.11
149,Saskylakh,87,RU,1578456839,96,71.97,114.09,-3.73,8.1
150,Aden,84,YE,1578456667,80,12.79,45.03,75.6,6.96
151,Shieli,100,KZ,1578456839,79,44.18,66.74,26.13,5.77
152,Rocha,0,UY,1578456839,54,-34.48,-54.34,59.16,8.19
153,Clyde River,90,CA,1578456839,62,70.47,-68.59,-13.0,4.52
154,Kjollefjord,100,NO,1578456839,74,70.95,27.35,35.6,26.4
155,Tiksi,100,RU,1578456839,90,71.64,128.87,-9.87,5.61
156,Tuy Hoa,100,VN,1578456583,81,13.08,109.3,77.2,14.9
157,Saint-Philippe,90,CA,1578456840,80,45.36,-73.48,30.99,4.5
158,Lokhvytsya,0,UA,1578456840,86,50.37,33.26,22.87,2.21
159,Juba,99,EE,1578456840,93,57.82,26.93,36.0,16.11
160,Coquimbo,0,CL,1578456840,82,-29.95,-71.34,62.6,5.82
161,Jalu,71,LY,1578456840,80,29.03,21.55,49.98,8.21
162,Carnarvon,69,ZA,1578456840,82,-30.97,22.13,64.38,9.19
163,Valparaiso,40,US,1578456687,61,41.47,-87.06,35.01,13.87
164,Siocon,100,PH,1578456840,57,11.03,124.04,90.0,6.08
165,Dingle,100,PH,1578456840,75,11.0,122.67,82.04,11.65
166,Sioux Lookout,75,CA,1578456841,70,50.1,-91.92,-4.0,12.75
167,Moron,0,HT,1578456841,76,18.56,-74.26,77.0,9.89
168,Dzilam Gonzalez,50,MX,1578456841,64,21.28,-88.93,73.62,18.75
169,Warwick,90,US,1578456841,100,41.7,-71.42,35.6,6.93
170,Kodiak,1,US,1578456841,59,39.95,-94.76,36.0,5.82
171,Tuktoyaktuk,75,CA,1578456841,73,69.44,-133.03,-31.0,14.99
172,Victoria,75,BN,1578456841,74,5.28,115.24,87.8,6.93
173,Mezen,100,RU,1578456841,96,65.85,44.24,29.82,16.33
174,Half Moon Bay,90,US,1578456841,87,37.46,-122.43,53.6,5.82
175,Kenai,1,US,1578456841,76,60.55,-151.26,-7.01,3.36
176,Ucluelet,100,CA,1578456841,90,48.94,-125.55,44.01,5.01
177,Green River,1,US,1578456841,68,41.53,-109.47,24.8,9.17
178,Draguignan,6,FR,1578456842,93,43.54,6.46,48.0,5.82
179,Leningradskiy,21,RU,1578456842,88,69.38,178.42,-17.64,9.73
180,Marquette,90,US,1578456842,72,46.54,-87.4,15.01,16.11
181,Vallenar,0,CL,1578456842,87,-28.58,-70.76,56.28,2.73
182,Tezu,97,IN,1578456842,56,27.93,96.16,60.44,0.31
183,Fairbanks,40,US,1578456842,98,64.84,-147.72,-24.0,0.81
184,Hambantota,40,LK,1578456842,94,6.12,81.12,80.6,9.17
185,Annonay,90,FR,1578456842,93,45.24,4.67,43.0,2.24
186,Sandwick,92,GB,1578456842,100,54.57,-2.89,50.0,14.99
187,French Harbor,40,HN,1578456842,78,16.35,-86.43,77.0,6.93
188,Bhan,0,PK,1578456842,39,26.56,67.72,55.08,4.32
189,Hasaki,75,JP,1578456842,100,35.73,140.83,44.6,11.41
190,Bud,100,NO,1578456842,81,62.91,6.91,46.99,34.45
191,Stokmarknes,75,NO,1578456842,93,68.56,14.91,42.8,24.16
192,Sai Buri,40,TH,1578456842,79,6.7,101.62,84.2,10.29
193,Bend,1,US,1578456731,91,44.06,-121.32,42.8,17.22
194,Namatanai,23,PG,1578456843,72,-3.66,152.44,85.73,9.71
195,Staryy Nadym,0,RU,1578456843,94,65.61,72.68,-4.2,8.16
196,Carutapera,52,BR,1578456843,78,-1.2,-46.02,81.19,12.41
197,Ambikapur,0,IN,1578456843,44,23.12,83.2,64.2,3.18
198,San Patricio,0,PY,1578456843,31,-26.98,-56.83,71.42,4.0
199,Whyalla,0,AU,1578456843,26,-33.04,137.58,91.4,9.17
200,Geraldton,75,CA,1578456843,70,49.72,-86.95,-2.2,8.05
201,Sur,0,OM,1578456843,56,22.57,59.53,66.99,8.9
202,Gedo,94,ET,1578456843,69,9.01,37.45,53.53,2.71
203,Mitsamiouli,20,KM,1578456843,74,-11.38,43.28,78.8,5.82
204,Taoudenni,0,ML,1578456843,25,22.68,-3.98,53.11,10.45
205,Tocopilla,0,CL,1578456843,46,-22.09,-70.2,54.03,2.64
206,Codrington,40,AU,1578456843,36,-28.95,153.24,93.2,9.17
207,Mao,40,DO,1578456596,94,19.55,-71.08,75.99,4.7
208,Bubaque,100,GW,1578456844,37,11.28,-15.83,75.42,19.1
209,Mount Isa,75,AU,1578456844,29,-20.73,139.49,98.6,5.82
210,Olinda,75,AU,1578456844,53,-37.84,145.39,81.0,18.34
211,Lulea,100,SE,1578456844,100,65.58,22.15,35.6,16.11
212,Ugoofaaru,75,MV,1578456844,77,5.67,73.0,82.47,16.24
213,Aragarcas,100,BR,1578456844,95,-15.9,-52.25,73.45,2.91
214,Acari,55,BR,1578456844,75,-6.44,-36.64,75.96,13.22
215,Ahipara,46,NZ,1578456844,60,-35.17,173.16,72.0,1.01
216,Zajecar,0,RS,1578456844,65,43.9,22.28,26.29,3.29
217,Mastic Beach,90,US,1578456755,86,40.77,-72.85,35.01,8.05
218,Cairns,90,AU,1578456844,88,-16.92,145.77,86.0,4.7
219,Kavieng,100,PG,1578456844,83,-2.57,150.8,82.09,13.24
220,Axim,100,GH,1578456844,84,4.87,-2.24,74.57,2.24
221,Vestmannaeyjar,100,IS,1578456845,69,63.44,-20.27,31.5,50.89
222,Katsuura,20,JP,1578456845,44,33.93,134.5,61.0,35.57
223,Hailar,32,CN,1578456845,97,49.2,119.7,-6.16,7.29
224,Souillac,90,FR,1578456845,93,45.6,-0.6,51.8,4.7
225,Banda Aceh,93,ID,1578456740,62,5.56,95.32,81.97,9.06
226,Sudak,100,UA,1578456845,92,44.85,34.97,31.62,13.4
227,Fukue,20,JP,1578456845,58,35.03,136.69,64.0,39.15
228,Bollnas,100,SE,1578456845,83,61.35,16.39,45.0,7.0
229,Faya,75,SA,1578456845,93,18.39,42.45,57.2,13.87
230,Karratha,100,AU,1578456845,66,-20.74,116.85,88.45,7.65
231,Narsaq,100,GL,1578456846,78,60.91,-46.05,12.2,1.12
232,Palmer,0,AU,1578456846,18,-34.85,139.16,93.99,7.54
233,Chokurdakh,23,RU,1578456846,95,70.62,147.9,-26.97,5.5
234,Rio Gallegos,40,AR,1578456846,87,-51.62,-69.22,48.2,5.82
235,Uige,100,AO,1578456846,98,-7.61,15.06,67.01,2.8
236,Goksun,75,TR,1578456846,87,38.02,36.5,42.8,8.05
237,Buenos Aires,0,AR,1578456753,47,-34.61,-58.44,77.0,10.29
238,Marawi,99,PH,1578456846,73,8.0,124.29,82.0,5.99
239,Beatrice,1,US,1578456846,79,40.27,-96.75,34.0,3.36
240,Muros,75,ES,1578456846,100,42.77,-9.06,55.99,3.36
241,Kitimat,75,CA,1578456847,79,54.02,-128.69,23.0,19.46
242,Kruisfontein,84,ZA,1578456847,91,-34.0,24.73,65.08,7.43
243,Salalah,20,OM,1578456582,50,17.01,54.1,75.2,10.29
244,Okha,100,RU,1578456847,90,53.59,142.95,12.31,15.7
245,Santa Lucia,98,IT,1578456847,67,41.98,12.66,46.99,4.7
246,Cabo San Lucas,5,MX,1578456606,77,22.89,-109.91,66.99,3.36
247,Kilindoni,79,TZ,1578456848,77,-7.91,39.67,83.03,7.87
248,Tessalit,3,ML,1578456848,16,20.2,1.01,58.05,16.62
249,Tianpeng,100,CN,1578456848,67,28.88,112.34,45.46,10.2
250,Belaya Gora,74,RU,1578456848,84,68.54,146.19,-22.79,2.59
251,Westport,90,US,1578456548,90,41.14,-73.36,37.0,5.82
252,Acapulco,20,MX,1578456848,88,16.86,-99.88,78.8,4.7
253,Labytnangi,0,RU,1578456848,84,66.66,66.39,-0.42,7.02
254,San Andres,100,PH,1578456848,67,13.32,122.68,83.77,11.12
255,Novyy Urengoy,24,RU,1578456848,95,66.08,76.63,-4.29,9.86
256,Manta,0,RO,1578456848,61,45.1,24.1,25.93,0.11
257,Along,92,IN,1578456848,59,28.17,94.8,55.17,3.29
258,Simbahan,38,PH,1578456848,78,6.3,120.58,81.88,11.81
259,Ancud,40,CL,1578456848,76,-41.87,-73.83,51.8,10.29
260,Scottsbluff,1,US,1578456848,62,41.87,-103.67,39.99,4.7
261,Punta Gorda,1,US,1578456675,93,26.93,-82.05,63.0,4.23
262,Omboue,88,GA,1578456848,93,-1.57,9.26,75.7,0.63
263,Pangnirtung,10,CA,1578456849,73,66.15,-65.72,-43.08,1.41
264,Kuraymah,90,SY,1578456849,75,36.78,40.45,46.4,9.17
265,Vostok,83,RU,1578456849,77,46.45,135.83,19.33,4.38
266,Vardo,1,US,1578456631,85,39.62,-77.74,30.0,3.36
267,Poum,0,MK,1578456849,35,41.28,20.71,25.77,4.54
268,Qaqortoq,100,GL,1578456849,78,60.72,-46.03,12.2,1.12
269,Lebu,74,ET,1578456849,93,8.96,38.73,49.69,1.43
270,Tornio,90,FI,1578456849,93,61.12,27.27,39.2,19.46
271,Ryotsu,75,JP,1578456849,93,38.08,138.43,53.6,2.24
272,Vao,100,EE,1578456849,84,59.1,26.19,37.58,14.5
273,Hay River,90,CA,1578456849,75,60.82,-115.79,-14.8,2.24
274,Quthing,100,LS,1578456849,77,-30.4,27.7,62.4,2.55
275,Lakatoro,100,VU,1578456849,94,-16.11,167.42,86.0,10.29
276,Kidal,33,ML,1578456850,16,18.44,1.41,58.89,15.37
277,Mitchell,90,US,1578456850,66,43.71,-98.03,15.8,8.05
278,Pochutla,0,MX,1578456850,72,15.74,-96.47,80.42,6.93
279,Ketchikan,1,US,1578456742,86,55.34,-131.65,33.8,5.82
280,Vila Franca do Campo,20,PT,1578456850,93,37.72,-25.43,64.4,10.29
281,Tasiilaq,80,GL,1578456850,43,65.61,-37.64,3.43,21.7
282,Saint-Pierre,90,FR,1578456850,100,48.95,4.24,48.99,13.87
283,Severo-Kurilsk,73,RU,1578456850,83,50.68,156.12,21.85,16.64
284,Butte,75,US,1578456850,55,46.01,-112.54,41.0,11.41
285,Manokwari,100,ID,1578456850,94,-0.87,134.08,74.53,4.99
286,Road Town,1,VG,1578456850,78,18.42,-64.62,78.8,9.17
287,Yuyao,75,CN,1578456850,70,30.04,121.15,48.0,11.18
288,Imbituba,75,BR,1578456850,83,-28.24,-48.67,77.0,5.82
289,Lamar,1,US,1578456850,33,38.09,-102.62,42.8,20.8
290,Indramayu,30,ID,1578456850,62,-4.05,103.78,84.96,8.93
291,San Cristobal,39,HN,1578456850,99,14.68,-86.92,61.92,3.27
292,Ekpoma,81,NG,1578456850,74,6.74,6.14,70.14,2.8
293,Huarmey,14,PE,1578456850,85,-10.07,-78.15,67.1,2.77
294,Lucapa,100,AO,1578456851,98,-8.42,20.74,64.9,2.64
295,Mersing,100,MY,1578456851,82,2.43,103.84,80.67,16.71
296,Ashqelon,75,IL,1578456573,62,31.67,34.57,51.8,20.8
297,Mehamn,100,NO,1578456851,74,71.03,27.85,35.6,26.4
298,Aswan,0,EG,1578456851,61,24.09,32.9,45.84,9.57
299,Nishihara,75,JP,1578456851,87,35.74,139.53,45.0,9.17
300,Shetpe,100,KZ,1578456851,63,44.14,52.16,30.72,20.89
301,Hami,0,CN,1578456851,52,42.84,93.51,18.32,3.22
302,Waingapu,91,ID,1578456851,75,-9.65,120.26,83.44,18.97
303,Araouane,67,ML,1578456851,17,18.9,-3.53,57.87,8.12
304,Tilichiki,100,RU,1578456851,88,60.47,166.1,5.25,9.31
305,Krasnovishersk,100,RU,1578456851,96,60.4,57.08,5.0,6.2
306,Aklavik,5,CA,1578456615,72,68.22,-135.01,-38.2,4.7
307,East London,20,ZA,1578456851,100,-33.02,27.91,69.8,3.36
308,Liuli,100,TZ,1578456851,68,-11.1,34.65,80.1,5.19
309,Rio Grande,0,BR,1578456719,82,-32.03,-52.1,63.0,10.69
310,Richards Bay,100,ZA,1578456851,80,-28.77,32.06,76.39,17.69
311,Nouadhibou,46,MR,1578456852,35,20.93,-17.03,62.06,23.47
312,Teya,5,MX,1578456852,72,21.05,-89.07,70.0,4.7
313,Lastoursville,84,GA,1578456852,86,-0.81,12.73,72.66,1.48
314,Aykhal,84,RU,1578456852,84,65.95,111.51,3.2,4.47
315,Itapeva,100,BR,1578456852,98,-23.98,-48.88,68.61,2.64
316,Kurilsk,96,RU,1578456852,71,45.23,147.88,26.29,5.44
317,Lahaina,40,US,1578456852,88,20.87,-156.68,73.4,19.46
318,Tual,100,ID,1578456852,78,-5.67,132.75,82.24,10.27
319,Dudinka,75,RU,1578456852,84,69.41,86.18,3.2,20.13
320,Quito,75,EC,1578456601,93,-0.22,-78.51,57.2,5.82
321,Lysyye Gory,95,RU,1578456852,96,51.55,44.84,20.08,4.5
322,Russell,1,US,1578456852,69,38.9,-98.86,37.99,9.17
323,Wingham,2,AU,1578456852,58,-31.86,152.37,97.0,14.99
324,Oildale,90,US,1578456853,87,35.42,-119.02,46.99,4.7
325,Robertson,44,AU,1578456853,53,-34.59,150.59,80.01,12.75
326,Taos,1,US,1578456853,77,36.41,-105.57,26.01,3.36
327,Havelock,5,US,1578456838,45,34.88,-76.9,46.4,11.41
328,Gravdal,100,NO,1578456853,76,59.79,5.78,48.2,26.4
329,Puerto Escondido,0,MX,1578456853,43,15.86,-97.07,69.3,6.51
330,Walvis Bay,0,NA,1578456853,82,-22.95,14.51,64.4,5.82
331,Zhangye,77,CN,1578456853,47,38.94,100.46,24.31,0.36
332,Constitucion,5,MX,1578456558,37,23.99,-104.67,52.0,4.7
333,Sept-Iles,5,CA,1578456853,83,50.2,-66.38,-7.6,10.85
334,Yar-Sale,0,RU,1578456853,85,66.83,70.83,-1.44,4.81
335,Bredasdorp,0,ZA,1578456644,88,-34.53,20.04,68.0,2.24
336,Nipawin,1,CA,1578456853,74,53.36,-104.02,-23.8,3.36
337,Linxia,76,CN,1578456854,70,35.6,103.21,23.95,3.8
338,Warri,89,NG,1578456854,86,5.52,5.75,74.97,2.82
339,Iquique,25,CL,1578456717,73,-20.22,-70.14,71.6,11.41
340,Iqaluit,90,CA,1578456555,61,63.75,-68.52,-18.0,5.82
341,Moose Factory,90,CA,1578456854,84,51.26,-80.61,8.6,11.41
342,Vigrestad,100,NO,1578456854,87,58.57,5.7,48.2,25.28
343,Rapid Valley,90,US,1578456854,92,44.06,-103.15,30.99,12.75
344,Brownsville,1,US,1578456854,81,25.91,-97.49,60.01,4.25
345,Bandarbeyla,100,SO,1578456854,76,9.49,50.81,78.55,17.07
346,Lensk,100,RU,1578456854,93,60.71,114.91,16.84,12.1
347,Gwadar,0,PK,1578456854,49,25.12,62.33,66.99,28.54
348,Goure,27,NE,1578456855,23,13.98,10.27,63.0,8.99
349,Kloulklubed,75,PW,1578456855,70,7.04,134.26,86.0,16.11
350,La Baneza,51,ES,1578456855,100,42.3,-5.9,44.01,2.3
351,Port Hedland,75,AU,1578456855,70,-20.31,118.58,87.8,31.09
352,Bull Savanna,7,JM,1578456855,95,17.89,-77.59,68.22,4.25
353,Nuuk,100,GL,1578456855,84,64.17,-51.74,1.4,19.46
354,Turayf,61,SA,1578456855,80,31.68,38.65,39.2,11.41
355,Sulangan,100,PH,1578456855,74,11.14,123.72,80.82,7.92
356,Hofn,100,IS,1578456855,57,64.25,-15.21,32.47,54.4
357,Taguatinga,40,BR,1578456855,88,-15.83,-48.06,73.4,4.7
358,Egvekinot,0,RU,1578456855,94,66.32,-179.17,-17.64,3.29
359,Kisangani,30,CD,1578456855,76,0.52,25.21,69.3,0.51
360,Iwanai,100,JP,1578456856,81,42.97,140.51,33.76,6.31
361,Stege,100,DK,1578456856,93,54.99,12.28,43.0,17.22
362,Guarizama,16,HN,1578456856,99,14.91,-86.32,59.97,3.44
363,Marzuq,57,YE,1578456856,89,14.4,46.47,60.15,3.31
364,Kalmunai,99,LK,1578456856,75,7.42,81.82,81.21,15.77
365,Deputatskiy,99,RU,1578456856,94,69.3,139.9,-9.94,3.8
366,Nanchang,20,CN,1578456856,68,28.68,115.89,49.41,9.04
367,Khash,0,IR,1578456856,62,28.22,61.21,37.87,4.81
368,Bondo,6,CD,1578456856,41,3.81,23.69,68.4,3.56
369,Beira,90,ES,1578456856,100,43.2,-8.36,55.99,6.93
370,Samarai,100,PG,1578456856,62,-10.62,150.67,86.97,8.43
371,Honiara,40,SB,1578456778,63,-9.43,159.96,93.2,8.05
372,Dingzhou,0,CN,1578456856,64,38.51,115.0,33.8,6.71
373,Liwale,100,TZ,1578456856,94,-9.8,37.92,72.81,5.14
374,Lilongwe,100,MW,1578456857,93,-13.97,33.79,65.34,1.59
375,Antofagasta,0,CL,1578456621,82,-23.65,-70.4,68.0,2.24
376,Yenagoa,100,NG,1578456857,84,4.92,6.26,75.83,2.77
377,Palestina,36,CO,1578456857,87,1.72,-76.13,64.02,3.87
378,Pouembout,67,NC,1578456857,55,-21.12,164.9,81.23,6.26
379,Artvin,40,TR,1578456857,43,41.18,41.83,51.8,18.34
380,Kozhva,84,RU,1578456857,94,65.11,57.05,6.84,7.92
381,Avera,1,US,1578456857,34,33.19,-82.53,51.8,8.05
382,Chuguyevka,100,RU,1578456857,94,44.17,133.87,19.71,4.61
383,Kahului,40,US,1578456857,73,20.89,-156.47,73.4,16.11
384,Elko,100,US,1578456857,70,40.83,-115.76,35.01,3.0
385,Tazovskiy,93,RU,1578456858,94,67.47,78.7,7.47,11.25
386,Brigantine,90,US,1578456858,96,39.41,-74.36,39.99,9.17
387,Nanortalik,100,GL,1578456858,69,60.14,-45.24,30.09,35.81
388,San Pedro,0,AR,1578456858,63,-33.68,-59.66,68.0,1.99
389,Oriximina,100,BR,1578456858,75,-1.77,-55.87,80.29,9.62
390,Bom Jesus,100,BR,1578456858,87,-9.08,-44.36,72.99,1.5
391,Kieta,69,PG,1578456858,72,-6.22,155.63,85.82,8.08
392,Colon,40,PH,1578456858,70,10.22,123.75,84.2,10.29
393,Skerries,75,IE,1578456858,75,53.58,-6.11,46.99,10.29
394,Spirit River,90,CA,1578456858,84,55.78,-118.84,1.4,12.75
395,Provideniya,0,RU,1578456858,91,64.42,-173.23,-11.78,0.87
396,Roald,100,NO,1578456858,65,62.58,6.12,46.99,28.86
397,Chiang Khong,0,LA,1578456858,83,20.27,100.41,75.99,3.36
398,Corralillo,9,CU,1578456858,68,22.98,-80.59,72.37,14.54
399,Barmer,0,IN,1578456859,77,25.74,71.4,55.9,10.76
400,Hirado,40,JP,1578456859,71,33.32,129.49,55.4,13.87
401,Tel Aviv-Yafo,75,IL,1578456664,62,32.08,34.78,51.8,20.8
402,Juneau,90,US,1578456859,92,58.3,-134.42,32.0,8.05
403,Corn Island,0,NI,1578456859,77,12.17,-83.04,80.89,19.17
404,Kurchum,70,KZ,1578456859,86,48.57,83.65,2.86,1.32
405,Hakkari,90,FI,1578456859,93,61.34,23.75,39.99,19.46
406,Klaksvik,100,FO,1578456859,80,62.23,-6.59,33.8,38.03
407,Lesnoy,100,RU,1578456859,96,59.78,52.13,8.22,7.43
408,Ippy,94,CF,1578456859,35,6.26,21.2,70.43,5.73
409,Benghazi,100,LY,1578456859,64,32.12,20.07,56.86,19.06
410,Harindanga,41,IN,1578456860,87,22.04,88.32,60.8,5.82
411,Tabuk,0,PH,1578456860,71,17.41,121.44,79.39,2.06
412,Sergeyevka,100,KZ,1578456860,96,53.88,67.42,13.68,1.54
413,Lasa,40,CY,1578456860,87,34.92,32.53,50.0,8.05
414,Zelenogorskiy,90,RU,1578456860,85,55.03,87.0,14.0,4.47
415,Darnah,87,LY,1578456860,63,32.77,22.64,55.78,16.15
416,Northam,0,AU,1578456860,33,-31.65,116.67,87.8,14.99
417,Ouallam,68,NE,1578456860,18,14.32,2.08,70.29,9.98
418,Curuguaty,100,PY,1578456860,89,-24.47,-55.69,73.33,2.75
419,Necochea,0,AR,1578456861,31,-38.55,-58.74,66.99,4.0
420,Norden,90,DE,1578456861,100,53.59,7.21,48.99,18.34
421,Chivay,100,PE,1578456861,62,-15.64,-71.6,41.94,5.08
422,Gouyave,20,GD,1578456861,78,12.16,-61.73,78.8,19.46
423,Caravelas,59,BR,1578456861,94,-17.73,-39.27,73.4,7.81
424,Chuy,0,UY,1578456861,62,-33.69,-53.46,64.92,8.43
425,Muisne,41,EC,1578456861,91,0.61,-80.02,75.88,6.02
426,Bonavista,81,CA,1578456861,83,48.65,-53.11,22.69,10.87
427,Changde,100,CN,1578456861,78,29.04,111.68,43.18,7.34
428,Horsham,22,AU,1578456861,12,-36.71,142.2,92.91,7.92
429,Oktyabrskoye,75,RU,1578456861,92,56.73,85.44,19.0,6.71
430,Shalya,52,RU,1578456861,95,57.25,58.73,7.39,0.87
431,Srivardhan,23,IN,1578456861,76,18.03,73.02,74.7,5.28
432,Qasigiannguit,23,GL,1578456861,53,68.82,-51.19,-2.2,12.75
433,Riohacha,0,CO,1578456741,87,11.54,-72.91,77.13,11.34
434,Manavalakurichi,40,IN,1578456861,88,8.13,77.3,78.8,4.7
435,Aksarayskiy,100,RU,1578456862,86,46.79,48.01,28.4,11.18
436,Longyearbyen,20,NO,1578456862,93,78.22,15.63,32.0,35.57
437,Strezhevoy,60,RU,1578456862,83,60.73,77.6,-4.0,4.47
438,Dawlatabad,0,AF,1578456862,64,36.41,64.91,34.92,7.94
439,Sikonge,75,TZ,1578456862,100,-5.63,32.75,66.2,3.31
440,Thunder Bay,40,CA,1578456862,65,48.41,-89.26,3.2,12.75
441,Ust-Nera,100,RU,1578456862,100,64.57,143.24,-28.07,0.98
442,Allende,23,MX,1578456862,35,28.34,-100.85,52.95,6.33
443,Gorontalo,100,ID,1578456862,75,0.54,123.06,79.99,8.34
444,Kodinsk,97,RU,1578456862,97,58.6,99.18,5.56,3.65
445,Sibolga,40,ID,1578456862,60,1.74,98.78,84.2,3.24
446,Port Hardy,75,CA,1578456862,86,50.7,-127.42,37.4,10.29
447,Dolinsk,0,RU,1578456862,79,47.32,142.8,26.6,4.94
448,Toora-Khem,7,RU,1578456862,94,52.47,96.11,-8.39,1.05
449,Naples,67,IT,1578456862,75,40.84,14.25,50.0,5.82
450,Koshurnikovo,100,RU,1578456863,96,54.3,93.39,8.13,2.15
451,Shellbrook,5,CA,1578456863,82,53.22,-106.39,-22.0,5.84
452,Shaunavon,100,CA,1578456863,92,49.65,-108.41,13.12,18.61
453,Qarqin,0,AF,1578456863,58,37.41,66.03,37.24,11.83
454,Bluefield,1,US,1578456863,79,37.27,-81.22,37.4,12.75
455,Hovd,75,NO,1578456863,87,63.83,10.7,45.0,19.46
456,Alvand,0,IR,1578456863,86,36.19,50.06,26.6,2.24
457,Port Pirie,0,AU,1578456863,26,-33.18,138.01,91.4,9.17
458,Bosilegrad,0,RS,1578456863,46,42.5,22.47,20.59,4.21
459,Alta Floresta,21,BR,1578456863,93,-9.87,-56.08,71.91,2.26
460,Portland,90,US,1578456600,68,43.66,-70.25,32.0,5.82
461,Bundaberg,0,AU,1578456863,31,-24.87,152.35,91.4,10.29
462,Najran,0,SA,1578456863,76,17.54,44.22,55.4,5.99
463,Sterling,1,US,1578456864,92,39.0,-77.4,33.8,3.36
464,Dimbokro,0,CI,1578456864,77,6.65,-4.7,68.25,2.91
465,Filingue,99,NE,1578456864,19,14.35,3.32,68.18,14.03
466,Ampanihy,0,MG,1578456864,81,-24.69,44.75,73.96,3.71
467,Prieska,77,ZA,1578456864,71,-29.67,22.74,67.91,2.26
468,Pavlodar,90,KZ,1578456864,84,52.28,76.96,-2.2,4.27
469,Lagoa,0,PT,1578456864,81,37.14,-8.45,55.0,4.7
470,Juye,0,CN,1578456864,45,35.39,116.09,37.22,4.41
471,Phrae,90,TH,1578456864,69,18.14,100.15,96.01,2.13
472,Ust-Kulom,100,RU,1578456864,94,61.69,53.69,13.14,7.38
473,Solnechnyy,0,RU,1578456864,83,50.72,136.64,10.2,2.37
474,Uthal,0,PK,1578456864,33,25.81,66.62,60.93,9.6
475,Kununurra,40,AU,1578456864,56,-15.77,128.74,93.2,10.29
476,Turka,0,RU,1578456864,79,52.95,108.22,11.41,9.22
477,Lokosovo,100,RU,1578456864,96,61.13,74.84,1.45,5.46
478,Kautokeino,99,NO,1578456864,91,69.01,23.04,28.33,25.08
479,Burley,1,US,1578456865,55,42.54,-113.79,39.2,18.34
480,Mujiayingzi,0,CN,1578456865,41,42.12,118.78,22.1,17.69
481,Mason City,1,US,1578456865,72,43.15,-93.2,14.0,18.34
482,Teguldet,96,RU,1578456865,96,57.31,88.17,12.15,4.97
483,Wilmington,40,US,1578456865,86,39.75,-75.55,34.0,12.19
484,Sao Joao da Barra,40,BR,1578456865,91,-21.64,-41.05,77.47,12.86
485,Saint-Francois,90,FR,1578456865,93,46.42,3.91,44.6,3.36
486,Consolacion del Sur,88,CU,1578456866,90,22.5,-83.51,67.05,8.5
487,Bad Doberan,75,DE,1578456866,75,54.11,11.9,45.0,12.75
488,Novo Aripuana,92,BR,1578456866,96,-5.12,-60.38,74.91,5.12
489,Maraa,77,BR,1578456866,69,-1.83,-65.37,78.73,2.77
490,Shemgang,24,BT,1578456866,51,27.22,90.66,55.22,1.43
491,Flinders,3,AU,1578456866,53,-34.58,150.85,80.01,12.75
492,La Rioja,0,AR,1578456866,63,-29.41,-66.86,68.5,5.64
493,Te Anau,77,NZ,1578456866,70,-45.41,167.72,54.32,8.59
494,Chicama,20,PE,1578456867,83,-7.84,-79.15,69.8,6.93
495,Colwyn Bay,33,GB,1578456867,87,53.29,-3.71,53.01,16.11
496,Buluang,40,PH,1578456867,70,10.47,123.98,84.2,10.29
497,Atbasar,93,KZ,1578456867,94,51.81,68.36,5.68,3.42
498,Hoi An,75,VN,1578456867,78,15.88,108.33,78.8,3.36
499,Mount Gambier,100,AU,1578456736,37,-37.83,140.78,84.2,17.22
500,Chapais,90,CA,1578456867,92,49.78,-74.86,15.8,6.93
501,Launceston,40,AU,1578456867,31,-41.43,147.14,84.0,9.17
502,Alghero,94,IT,1578456867,93,40.56,8.32,48.2,4.7
503,Poso,100,ID,1578456867,68,-1.4,120.75,75.78,4.92
504,Kiunga,100,PG,1578456867,97,-6.12,141.3,75.74,2.77
505,Baykit,72,RU,1578456867,99,61.68,96.39,-2.97,1.48
506,Touros,75,BR,1578456867,88,-5.2,-35.46,78.8,1.12
507,Pozo Colorado,67,PY,1578456867,69,-23.49,-58.8,78.91,3.06
508,Artyom,100,RU,1578456868,52,43.36,132.19,19.4,13.42
509,Ridgecrest,75,US,1578456754,56,35.62,-117.67,46.99,8.05
510,Lakselv,100,NO,1578456868,100,70.05,24.96,37.4,41.38
511,Ornskoldsvik,100,SE,1578456868,80,63.29,18.72,44.6,14.99
512,Dayong,0,CN,1578456868,33,25.02,118.29,73.4,13.42
513,Merauke,100,ID,1578456868,66,-8.49,140.4,88.75,6.49
514,Hervey Bay,0,AU,1578456868,31,-25.3,152.85,91.4,10.29
515,Shenjiamen,92,CN,1578456868,77,29.96,122.3,45.77,27.02
516,Constantine,75,DZ,1578456868,93,36.36,6.61,35.6,2.24
517,Praia da Vitoria,40,PT,1578456868,82,38.73,-27.07,64.4,22.32
518,Karangasem,30,ID,1578456868,62,-6.7,108.49,86.86,4.81
519,Sisimiut,100,GL,1578456868,98,66.94,-53.67,-11.97,3.69
520,Kindu,79,CD,1578456868,93,-2.95,25.92,71.04,1.99
521,Pandan,100,PH,1578456868,77,11.72,122.09,81.3,17.05
522,Morrope,100,PE,1578456869,29,-6.54,-80.02,66.2,11.41
523,Sikasso,0,ML,1578456869,25,11.32,-5.68,64.58,1.61
524,Sao Jose da Coroa Grande,0,BR,1578456869,72,-8.9,-35.15,80.35,10.33
525,Matucana,99,PE,1578456869,94,-11.84,-76.39,51.49,1.23
526,Kitab,40,UZ,1578456869,46,39.12,66.88,32.0,4.7
527,Izumo,75,JP,1578456869,76,35.37,132.75,50.0,31.09
528,Shar,100,NG,1578456869,28,7.3,8.73,77.16,6.6
529,Baijiantan,92,CN,1578456869,91,45.63,85.18,8.51,1.21
530,Chatrapur,0,IN,1578456869,54,19.35,84.98,69.66,2.39
531,College,40,US,1578456869,96,64.86,-147.8,-24.0,1.86
532,Wanaka,100,NZ,1578456869,50,-44.7,169.14,64.99,3.0
533,Mayahi,67,NE,1578456869,20,13.95,7.67,62.65,14.07
534,Pacific Grove,90,US,1578456726,71,36.62,-121.92,53.6,4.7
535,Buraydah,0,SA,1578456870,93,26.33,43.97,48.2,3.36
536,Thessalon,90,CA,1578456870,79,46.26,-83.55,23.0,12.75
537,Hobara,75,JP,1578456870,93,37.82,140.55,39.2,6.93
538,Ola,70,RU,1578456870,90,59.58,151.3,-0.35,8.3
539,San Rafael,0,AR,1578456870,32,-34.61,-68.33,75.96,9.08
540,Graaff-Reinet,100,ZA,1578456870,97,-32.25,24.53,64.0,8.05
541,Sorland,75,NO,1578456870,93,67.67,12.69,42.8,27.51
542,Araceli,100,PH,1578456870,81,10.55,119.99,81.54,18.41
543,Saint-Joseph,0,FR,1578456870,93,43.56,6.97,48.0,5.82
544,Montreal,90,CA,1578456680,79,45.5,-73.61,28.0,4.7
545,Srednekolymsk,64,RU,1578456870,97,67.46,153.71,-24.38,5.53
546,Turukhansk,100,RU,1578456870,95,65.8,87.96,1.15,11.21
547,Balurghat,3,IN,1578456870,58,25.22,88.78,64.92,5.64
548,Nieuw Amsterdam,20,SR,1578456870,94,5.88,-55.08,78.01,3.36
549,Chortomlyk,0,UA,1578456870,76,47.62,34.14,26.98,16.73
550,Giyani,88,ZA,1578456871,85,-23.32,30.73,70.79,8.08
551,Hobyo,100,SO,1578456871,79,5.35,48.53,76.24,13.4
552,Cockburn Town,1,TC,1578456871,79,21.46,-71.14,78.44,12.71
553,Mayor Pablo Lagerenza,89,PY,1578456871,88,-19.93,-60.77,76.51,4.36
554,Hargeysa,100,SO,1578456871,93,9.56,44.06,59.95,12.59
555,Puri,75,ID,1578456789,69,-7.54,112.45,84.96,3.44
556,Dalvik,100,SE,1578456871,100,57.79,14.13,42.01,24.16
557,Koping,100,SE,1578456871,75,59.51,15.99,46.99,18.34
558,Camabatela,100,AO,1578456871,97,-8.19,15.37,62.11,1.01
559,Amazar,0,RU,1578456871,83,53.86,120.88,1.06,1.99
560,San Carlos de Bariloche,66,AR,1578456607,87,-41.13,-71.31,46.04,17.31
561,Mangrol,72,IN,1578456872,58,25.33,76.51,61.29,1.36
562,Honghu,49,CN,1578456872,68,29.82,113.46,42.75,10.47
563,Tayoltita,0,MX,1578456619,52,24.11,-105.93,56.35,7.58
564,Fereydun Kenar,0,IR,1578456872,49,36.69,52.52,33.8,2.24
565,Amambai,81,BR,1578456872,97,-23.11,-55.23,70.5,2.33
566,Comodoro Rivadavia,0,AR,1578456872,31,-45.87,-67.48,60.8,21.92
567,Edd,69,ER,1578456872,82,13.93,41.69,76.37,2.55
568,Padang,100,ID,1578456872,62,-0.92,100.36,80.94,4.52
569,Porto Novo,75,BR,1578456872,88,-23.68,-45.44,73.4,2.24
570,Pandan Niog,74,PH,1578456872,77,6.23,120.56,81.99,9.48
